model,frame_id,fps,latency_ms,precision,recall,f1,mAP,avg_confidence,num_detections
YOLOv8,0,1.64,609.9,1,1,1,1,0,0
YOLOv8,1,9.66,103.51,0,0,0,0,0.5475,3
YOLOv8,2,10.37,96.4,0,0,0,0,0.5011,3
YOLOv8,3,9.58,104.35,0,0,0,0,0.7377,2
YOLOv8,4,8.33,120.02,0,0,0,0,0.6954,2
YOLOv8,5,7.47,133.94,0,0,0,0,0.5547,3
YOLOv8,6,8.8,113.62,0,0,0,0,0.7139,2
YOLOv8,7,8.97,111.44,0,0,0,0,0.6209,2
YOLOv8,8,9.31,107.44,0,0,0,0,0.5847,3
YOLOv8,9,11.79,84.84,0,0,0,0,0.5917,2
YOLOv8,10,10.38,96.33,0,0,0,0,0.5543,3
YOLOv8,11,10.06,99.42,0,0,0,0,0.4188,3
YOLOv8,12,8.23,121.49,0,0,0,0,0.5462,3
YOLOv8,13,9.02,110.86,0,0,0,0,0.5716,3
YOLOv8,14,11.24,88.99,0,0,0,0,0.5642,3
YOLOv8,15,11.32,88.37,0,0,0,0,0.6622,2
YOLOv8,16,10.87,91.96,0,0,0,0,0.523,3
YOLOv8,17,9.23,108.3,0,0,0,0,0.5437,3
YOLOv8,18,11.52,86.83,0,0,0,0,0.4871,3
YOLOv8,19,12.68,78.87,0,0,0,0,0.6654,2
YOLOv8,20,9.95,100.53,0,0,0,0,0.6531,2
YOLOv8,21,9.86,101.39,0,0,0,0,0.6568,2
YOLOv8,22,8.86,112.91,0,0,0,0,0.5274,3
YOLOv8,23,8.88,112.56,0,0,0,0,0.5404,3
YOLOv8,24,13.35,74.91,0,0,0,0,0.5333,3
YOLOv8,25,11.51,86.88,0,0,0,0,0.4688,4
YOLOv8,26,11.49,87.03,0,0,0,0,0.5259,3
YOLOv8,27,10.41,96.09,0,0,0,0,0.5503,3
YOLOv8,28,10,100.01,0,0,0,0,0.6715,3
YOLOv8,29,10.05,99.49,0,0,0,0,0.5257,3
YOLOv8,30,7.82,127.91,0,0,0,0,0.501,3
YOLOv8,31,7.76,128.81,0,0,0,0,0.5477,3
YOLOv8,32,11.44,87.44,0,0,0,0,0.5204,3
YOLOv8,33,10.46,95.56,0,0,0,0,0.5901,2
YOLOv8,34,8.13,123.03,0,0,0,0,0.5731,3
YOLOv8,35,8.97,111.44,0,0,0,0,0.6462,2
YOLOv8,36,9.98,100.22,0,0,0,0,0.5419,2
YOLOv8,37,9.66,103.54,0,0,0,0,0.6498,2
YOLOv8,38,10.84,92.23,0,0,0,0,0.551,3
YOLOv8,39,7.92,126.3,0,0,0,0,0.567,2
YOLOv8,40,7.47,133.84,0,0,0,0,0.4916,4
YOLOv8,41,8.46,118.24,0,0,0,0,0.6113,3
YOLOv8,42,6.88,145.4,0,0,0,0,0.5597,3
YOLOv8,43,7.54,132.7,0,0,0,0,0.4875,2
YOLOv8,44,10.63,94.09,0,0,0,0,0.5614,2
YOLOv8,45,12.45,80.32,0,0,0,0,0.6135,2
YOLOv8,46,10.57,94.61,0,0,0,0,0.4835,2
YOLOv8,47,7.9,126.51,0,0,0,0,0.8571,1
YOLOv8,48,8.97,111.53,0,0,0,0,0.3899,3
YOLOv8,49,10.29,97.21,0,0,0,0,0.4116,2
YOLOv8,50,7.86,127.24,0,0,0,0,0.4086,2
YOLOv8,51,8.75,114.31,0,0,0,0,0.4002,2
YOLOv8,52,7.82,127.96,0,0,0,0,0.3343,3
YOLOv8,53,7.01,142.58,0,0,0,0,0.3284,2
YOLOv8,54,8.37,119.45,0,0,0,0,0.4332,2
YOLOv8,55,7.83,127.78,0,0,0,0,0.5234,4
YOLOv8,56,8.85,113.01,0,0,0,0,0.414,5
YOLOv8,57,10.23,97.71,0,0,0,0,0.4081,4
YOLOv8,58,6.89,145.15,0,0,0,0,0.503,2
YOLOv8,59,7.43,134.59,0,0,0,0,0.5915,2
YOLOv8,60,10.5,95.26,0,0,0,0,0.5423,2
YOLOv8,61,10.72,93.3,0,0,0,0,0.5822,2
YOLOv8,62,9.38,106.64,0,0,0,0,0.5766,2
YOLOv8,63,10.48,95.43,0,0,0,0,0.6555,2
YOLOv8,64,7.91,126.4,0,0,0,0,0.5717,3
YOLOv8,65,10.53,94.98,0,0,0,0,0.5045,3
YOLOv8,66,8.52,117.36,0,0,0,0,0.6218,2
YOLOv8,67,7.43,134.55,0,0,0,0,0.5418,2
YOLOv8,68,8.75,114.34,0,0,0,0,0.6986,1
YOLOv8,69,10.41,96.08,0,0,0,0,0.6123,2
YOLOv8,70,7.96,125.69,0,0,0,0,0.6264,2
YOLOv8,71,8.16,122.62,0,0,0,0,0.5975,2
YOLOv8,72,8.95,111.72,0,0,0,0,0.6524,1
YOLOv8,73,9.79,102.15,0,0,0,0,0.5331,2
YOLOv8,74,9.2,108.74,0,0,0,0,0.5708,2
YOLOv8,75,8.6,116.27,0,0,0,0,0.537,2
YOLOv8,76,9.61,104.02,0,0,0,0,0.5057,2
YOLOv8,77,10.13,98.75,0,0,0,0,0.5602,2
YOLOv8,78,12.44,80.38,0,0,0,0,0.632,2
YOLOv8,79,8.87,112.72,0,0,0,0,0.6041,2
YOLOv8,80,10.89,91.81,0,0,0,0,0.4637,2
YOLOv8,81,8.59,116.35,0,0,0,0,0.5671,2
YOLOv8,82,8.79,113.72,0,0,0,0,0.4999,2
YOLOv8,83,8.22,121.65,0,0,0,0,0.6286,1
YOLOv8,84,7.35,135.97,0,0,0,0,0.6177,2
YOLOv8,85,7.72,129.53,0,0,0,0,0.5171,2
YOLOv8,86,6.98,143.32,0,0,0,0,0.606,2
YOLOv8,87,7.89,126.78,0,0,0,0,0.5639,2
YOLOv8,88,7.87,127.07,0,0,0,0,0.5709,2
YOLOv8,89,7.65,130.65,0,0,0,0,0.4857,2
YOLOv8,90,7.35,136.07,0,0,0,0,0.5138,2
YOLOv8,91,7.95,125.8,0,0,0,0,0.6497,2
YOLOv8,92,10.47,95.48,0,0,0,0,0.5507,2
YOLOv8,93,9.6,104.2,0,0,0,0,0.4462,2
YOLOv8,94,6.89,145.21,0,0,0,0,0.5994,2
YOLOv8,95,6.76,147.87,0,0,0,0,0.5169,2
YOLOv8,96,9.13,109.51,0,0,0,0,0.5445,2
YOLOv8,97,8.05,124.15,0,0,0,0,0.5997,2
YOLOv8,98,7.9,126.6,0,0,0,0,0.5066,2
YOLOv8,99,8.21,121.83,0,0,0,0,0.5192,2
YOLOv8,100,7.82,127.87,0,0,0,0,0.5996,2
YOLOv8,101,9.15,109.26,0,0,0,0,0.4601,2
YOLOv8,102,7.93,126.15,0,0,0,0,0.4938,2
YOLOv8,103,7.62,131.21,0,0,0,0,0.5691,2
YOLOv8,104,7.46,134.05,0,0,0,0,0.5718,2
YOLOv8,105,8.99,111.25,0,0,0,0,0.5913,2
YOLOv8,106,9.25,108.14,0,0,0,0,0.5962,2
YOLOv8,107,8.55,117.02,0,0,0,0,0.583,2
YOLOv8,108,10.2,98.08,0,0,0,0,0.4517,2
YOLOv8,109,9.1,109.95,0,0,0,0,0.4413,3
YOLOv8,110,10.25,97.59,0,0,0,0,0.5566,2
YOLOv8,111,7.86,127.19,0,0,0,0,0.4972,2
YOLOv8,112,8.81,113.48,0,0,0,0,0.5346,2
YOLOv8,113,10.6,94.33,0,0,0,0,0.5444,2
YOLOv8,114,9.04,110.6,0,0,0,0,0.5265,2
YOLOv8,115,8.09,123.65,0,0,0,0,0.6488,1
YOLOv8,116,8.98,111.32,0,0,0,0,0.4491,2
YOLOv8,117,9.67,103.38,0,0,0,0,0.4692,2
YOLOv8,118,6.93,144.26,0,0,0,0,0.5818,2
YOLOv8,119,9.01,110.98,0,0,0,0,0.5047,2
YOLOv8,120,7.63,131.14,0,0,0,0,0.5435,2
YOLOv8,121,9.11,109.72,0,0,0,0,0.4974,2
YOLOv8,122,9.3,107.56,0,0,0,0,0.5282,2
YOLOv8,123,7.86,127.27,0,0,0,0,0.6381,1
YOLOv8,124,8.61,116.19,0,0,0,0,0.5913,2
YOLOv8,125,11.78,84.88,0,0,0,0,0.5269,2
YOLOv8,126,10.67,93.71,0,0,0,0,0.5703,2
YOLOv8,127,7.32,136.64,0,0,0,0,0.5647,2
YOLOv8,128,7.38,135.59,0,0,0,0,0.5814,2
YOLOv8,129,9.06,110.33,0,0,0,0,0.5336,2
YOLOv8,130,10.24,97.61,0,0,0,0,0.4986,2
YOLOv8,131,8.72,114.7,0,0,0,0,0.4916,2
YOLOv8,132,10.56,94.73,0,0,0,0,0.5165,2
YOLOv8,133,7.81,128.03,0,0,0,0,0.5554,2
YOLOv8,134,10.51,95.13,0,0,0,0,0.6582,1
YOLOv8,135,10.26,97.49,0,0,0,0,0.669,1
YOLOv8,136,9.06,110.43,0,0,0,0,0.6091,1
YOLOv8,137,9.06,110.36,0,0,0,0,0.4573,2
YOLOv8,138,11.92,83.92,0,0,0,0,0.4634,2
YOLOv8,139,11.7,85.46,0,0,0,0,0.6632,1
YOLOv8,140,9.89,101.11,0,0,0,0,0.5182,2
YOLOv8,141,11.86,84.29,0,0,0,0,0.5388,1
YOLOv8,142,11.56,86.49,0,0,0,0,0.5034,2
YOLOv8,143,11.84,84.44,0,0,0,0,0.648,1
YOLOv8,144,11.72,85.32,0,0,0,0,0.5366,1
YOLOv8,145,11.38,87.86,0,0,0,0,0.6304,1
YOLOv8,146,10.49,95.3,0,0,0,0,0.4021,2
YOLOv8,147,10.5,95.24,0,0,0,0,0.656,2
YOLOv8,148,11.53,86.76,0,0,0,0,0.4921,2
YOLOv8,149,11.37,87.92,0,0,0,0,0.4661,2
YOLOv8,150,8.39,119.19,0,0,0,0,0.5833,1
YOLOv8,151,10.58,94.5,0,0,0,0,0.3938,2
YOLOv8,152,10.28,97.28,0,0,0,0,0.4563,2
YOLOv8,153,10.29,97.21,0,0,0,0,0.4565,2
YOLOv8,154,12.19,82.01,0,0,0,0,0.5704,2
YOLOv8,155,10.21,97.9,0,0,0,0,0.6772,1
YOLOv8,156,11.38,87.91,0,0,0,0,0.4495,2
YOLOv8,157,12.28,81.43,0,0,0,0,0.4875,2
YOLOv8,158,10.01,99.86,0,0,0,0,0.4076,2
YOLOv8,159,9.69,103.18,0,0,0,0,0.5058,2
YOLOv8,160,10.59,94.42,0,0,0,0,0.5127,2
YOLOv8,161,9.69,103.18,0,0,0,0,0.5031,2
YOLOv8,162,8.35,119.73,0,0,0,0,0.5438,2
YOLOv8,163,10.33,96.79,0,0,0,0,0.5828,2
YOLOv8,164,11.9,84.03,0,0,0,0,0.5104,2
YOLOv8,165,11.14,89.77,0,0,0,0,0.6213,2
YOLOv8,166,10.62,94.16,0,0,0,0,0.5124,2
YOLOv8,167,10.56,94.73,0,0,0,0,0.4535,2
YOLOv8,168,12.51,79.95,0,0,0,0,0.6439,2
YOLOv8,169,9.67,103.36,0,0,0,0,0.5939,2
YOLOv8,170,6.79,147.27,0,0,0,0,0.573,1
YOLOv8,171,12.87,77.69,0,0,0,0,0.5904,2
YOLOv8,172,10.32,96.88,0,0,0,0,0.4792,2
YOLOv8,173,10.06,99.4,0,0,0,0,0.4962,2
YOLOv8,174,15.31,65.3,0,0,0,0,0.597,2
YOLOv8,175,10.48,95.4,0,0,0,0,0.5125,2
YOLOv8,176,11.57,86.45,0,0,0,0,0.5423,2
YOLOv8,177,10.29,97.23,0,0,0,0,0.5772,2
YOLOv8,178,11.05,90.49,0,0,0,0,0.6385,2
YOLOv8,179,10.9,91.73,0,0,0,0,0.5382,2
YOLOv8,180,10.23,97.77,0,0,0,0,0.5088,2
YOLOv8,181,11.25,88.92,0,0,0,0,0.4737,2
YOLOv8,182,13.13,76.19,0,0,0,0,0.5098,2
YOLOv8,183,12.67,78.9,0,0,0,0,0.6057,2
YOLOv8,184,11.06,90.44,0,0,0,0,0.7152,1
YOLOv8,185,9.01,110.94,0,0,0,0,0.5389,2
YOLOv8,186,11.75,85.08,0,0,0,0,0.561,2
YOLOv8,187,13.02,76.8,0,0,0,0,0.5252,2
YOLOv8,188,10.1,99.03,0,0,0,0,0.5209,2
YOLOv8,189,12.38,80.76,0,0,0,0,0.604,1
YOLOv8,190,12.28,81.46,0,0,0,0,0.5257,2
YOLOv8,191,11.75,85.1,0,0,0,0,0.5588,2
YOLOv8,192,9.03,110.69,0,0,0,0,0.5158,2
YOLOv8,193,12.96,77.16,0,0,0,0,0.5472,2
YOLOv8,194,9.55,104.7,0,0,0,0,0.5035,2
YOLOv8,195,11.16,89.58,0,0,0,0,0.5102,2
YOLOv8,196,10.42,95.97,0,0,0,0,0.6287,1
YOLOv8,197,10.15,98.49,0,0,0,0,0.3949,2
YOLOv8,198,11.77,84.98,0,0,0,0,0.5128,2
YOLOv8,199,15.14,66.04,0,0,0,0,0.5379,2
YOLOv8,200,12.37,80.86,0,0,0,0,0.5104,2
YOLOv8,201,10.62,94.14,0,0,0,0,0.6422,2
YOLOv8,202,8.99,111.28,0,0,0,0,0.5002,2
YOLOv8,203,12.58,79.5,0,0,0,0,0.5049,2
YOLOv8,204,8.3,120.51,0,0,0,0,0.5229,2
YOLOv8,205,12.64,79.1,0,0,0,0,0.668,2
YOLOv8,206,15.36,65.12,0,0,0,0,0.6046,1
YOLOv8,207,10.51,95.17,0,0,0,0,0.5489,2
YOLOv8,208,8.65,115.55,0,0,0,0,0.5564,2
YOLOv8,209,10.3,97.12,0,0,0,0,0.5592,2
YOLOv8,210,8.89,112.53,0,0,0,0,0.4506,2
YOLOv8,211,10.92,91.55,0,0,0,0,0.4743,2
YOLOv8,212,9.66,103.52,0,0,0,0,0.487,2
YOLOv8,213,10.81,92.47,0,0,0,0,0.5494,2
YOLOv8,214,10.61,94.29,0,0,0,0,0.5282,2
YOLOv8,215,11.58,86.39,0,0,0,0,0.5521,2
YOLOv8,216,11.47,87.17,0,0,0,0,0.5122,2
YOLOv8,217,9.55,104.71,0,0,0,0,0.5438,2
YOLOv8,218,10.01,99.92,0,0,0,0,0.5264,2
YOLOv8,219,10.26,97.43,0,0,0,0,0.5798,2
YOLOv8,220,10.04,99.6,0,0,0,0,0.6605,1
YOLOv8,221,11.05,90.46,0,0,0,0,0.5087,2
YOLOv8,222,10.31,97.01,0,0,0,0,0.4497,2
YOLOv8,223,13.08,76.44,0,0,0,0,0.4486,2
YOLOv8,224,12.31,81.26,0,0,0,0,0.6141,1
YOLOv8,225,8.84,113.12,0,0,0,0,0.3829,2
YOLOv8,226,11.34,88.2,0,0,0,0,0.4967,2
YOLOv8,227,11.79,84.78,0,0,0,0,0.5797,2
YOLOv8,228,12.31,81.2,0,0,0,0,0.5551,2
YOLOv8,229,10.67,93.73,0,0,0,0,0.5195,2
YOLOv8,230,8.96,111.56,0,0,0,0,0.6279,1
YOLOv8,231,9.72,102.87,0,0,0,0,0.5082,2
YOLOv8,232,11.72,85.29,0,0,0,0,0.582,2
YOLOv8,233,10.19,98.13,0,0,0,0,0.5983,2
YOLOv8,234,12.08,82.76,0,0,0,0,0.5468,2
YOLOv8,235,9,111.12,0,0,0,0,0.5915,1
YOLOv8,236,10.06,99.41,0,0,0,0,0.5402,2
YOLOv8,237,8.85,112.95,0,0,0,0,0.5009,2
YOLOv8,238,12.53,79.82,0,0,0,0,0.5625,2
YOLOv8,239,12.84,77.86,0,0,0,0,0.5311,2
YOLOv8,240,10.02,99.78,0,0,0,0,0.4781,2
YOLOv8,241,7.75,129,0,0,0,0,0.5729,2
YOLOv8,242,10.78,92.74,0,0,0,0,0.4888,2
YOLOv8,243,10.31,96.95,0,0,0,0,0.4558,2
YOLOv8,244,11.79,84.79,0,0,0,0,0.495,2
YOLOv8,245,11.69,85.55,0,0,0,0,0.4788,2
YOLOv8,246,11.77,84.98,0,0,0,0,0.5467,2
YOLOv8,247,8.99,111.19,0,0,0,0,0.5345,2
YOLOv8,248,10.49,95.34,0,0,0,0,0.5282,2
YOLOv8,249,10.33,96.81,0,0,0,0,0.5513,2
YOLOv8,250,10.35,96.63,0,0,0,0,0.4934,2
YOLOv8,251,10.86,92.09,0,0,0,0,0.4956,2
YOLOv8,252,8.32,120.22,0,0,0,0,0.5666,2
YOLOv8,253,10.06,99.42,0,0,0,0,0.5503,2
YOLOv8,254,10.86,92.07,0,0,0,0,0.4392,2
YOLOv8,255,10.42,96,0,0,0,0,0.5307,2
YOLOv8,256,10.5,95.26,0,0,0,0,0.5297,2
YOLOv8,257,10.16,98.46,0,0,0,0,0.6611,1
YOLOv8,258,9.7,103.1,0,0,0,0,0.6151,2
YOLOv8,259,11.48,87.07,0,0,0,0,0.5064,2
YOLOv8,260,11.14,89.74,0,0,0,0,0.5648,2
YOLOv8,261,8.77,114.01,0,0,0,0,0.5773,2
YOLOv8,262,9.01,110.96,0,0,0,0,0.536,2
YOLOv8,263,11.74,85.15,0,0,0,0,0.6659,1
YOLOv8,264,12.59,79.41,0,0,0,0,0.5382,2
YOLOv8,265,12.61,79.3,0,0,0,0,0.5367,2
YOLOv8,266,11.49,87.07,0,0,0,0,0.5933,2
YOLOv8,267,11.11,90.01,0,0,0,0,0.5205,2
YOLOv8,268,12.39,80.73,0,0,0,0,0.5005,2
YOLOv8,269,8.52,117.33,0,0,0,0,0.4987,2
YOLOv8,270,10.85,92.2,0,0,0,0,0.5189,2
YOLOv8,271,10.17,98.29,0,0,0,0,0.4371,2
YOLOv8,272,11.24,88.97,0,0,0,0,0.4996,2
YOLOv8,273,8.92,112.09,0,0,0,0,0.5118,2
YOLOv8,274,10.7,93.48,0,0,0,0,0.5866,2
YOLOv8,275,8.88,112.57,0,0,0,0,0.5161,2
YOLOv8,276,8.94,111.85,0,0,0,0,0.7211,1
YOLOv8,277,7.81,127.99,0,0,0,0,0.5102,2
YOLOv8,278,8.98,111.33,0,0,0,0,0.6504,1
YOLOv8,279,9.54,104.78,0,0,0,0,0.6,2
YOLOv8,280,10.99,90.96,0,0,0,0,0.5362,2
YOLOv8,281,7.97,125.47,0,0,0,0,0.4805,2
YOLOv8,282,8.1,123.46,0,0,0,0,0.4862,2
YOLOv8,283,7.87,127.14,0,0,0,0,0.5091,2
YOLOv8,284,9.68,103.29,0,0,0,0,0.5383,2
YOLOv8,285,9.82,101.85,0,0,0,0,0.534,2
YOLOv8,286,9.08,110.13,0,0,0,0,0.5631,2
YOLOv8,287,7.92,126.3,0,0,0,0,0.4469,2
YOLOv8,288,9.55,104.76,0,0,0,0,0.5703,2
YOLOv8,289,8.87,112.75,0,0,0,0,0.4517,2
YOLOv8,290,10.51,95.18,0,0,0,0,0.5403,2
YOLOv8,291,10.12,98.82,0,0,0,0,0.627,2
YOLOv8,292,8.73,114.53,0,0,0,0,0.6039,1
YOLOv8,293,7.51,133.11,0,0,0,0,0.5075,2
YOLOv8,294,9.05,110.51,0,0,0,0,0.7053,1
YOLOv8,295,7.96,125.62,0,0,0,0,0.4592,2
YOLOv8,296,9.99,100.1,0,0,0,0,0.5984,2
YOLOv8,297,9.04,110.61,0,0,0,0,0.6536,2
YOLOv8,298,9.22,108.46,0,0,0,0,0.666,1
YOLOv8,299,7.81,128.04,0,0,0,0,0.5237,2
MobileNet-SSD,0,4.98,200.79,1,1,1,1,0,0
MobileNet-SSD,1,9.46,105.74,1,1,1,1,0,0
MobileNet-SSD,2,12.62,79.23,1,1,1,1,0,0
MobileNet-SSD,3,9.96,100.45,1,1,1,1,0,0
MobileNet-SSD,4,10.04,99.56,1,1,1,1,0,0
MobileNet-SSD,5,10.44,95.81,1,1,1,1,0,0
MobileNet-SSD,6,11.19,89.38,1,1,1,1,0,0
MobileNet-SSD,7,10.56,94.66,1,1,1,1,0,0
MobileNet-SSD,8,10.2,98.04,1,1,1,1,0,0
MobileNet-SSD,9,8.61,116.12,1,1,1,1,0,0
MobileNet-SSD,10,9.73,102.76,1,1,1,1,0,0
MobileNet-SSD,11,9.36,106.79,1,1,1,1,0,0
MobileNet-SSD,12,9.02,110.86,1,1,1,1,0,0
MobileNet-SSD,13,10.08,99.2,1,1,1,1,0,0
MobileNet-SSD,14,11.07,90.34,1,1,1,1,0,0
MobileNet-SSD,15,10.9,91.7,1,1,1,1,0,0
MobileNet-SSD,16,11.02,90.77,1,1,1,1,0,0
MobileNet-SSD,17,11.53,86.73,1,1,1,1,0,0
MobileNet-SSD,18,10.93,91.48,1,1,1,1,0,0
MobileNet-SSD,19,10.29,97.15,1,1,1,1,0,0
MobileNet-SSD,20,10.81,92.5,1,1,1,1,0,0
MobileNet-SSD,21,8.52,117.36,1,1,1,1,0,0
MobileNet-SSD,22,9.51,105.14,1,1,1,1,0,0
MobileNet-SSD,23,8.74,114.46,1,1,1,1,0,0
MobileNet-SSD,24,12.29,81.37,1,1,1,1,0,0
MobileNet-SSD,25,8.18,122.27,0,0,0,0,0.253,1
MobileNet-SSD,26,10.4,96.16,1,1,1,1,0,0
MobileNet-SSD,27,9.64,103.77,1,1,1,1,0,0
MobileNet-SSD,28,10.16,98.45,1,1,1,1,0,0
MobileNet-SSD,29,9.74,102.65,1,1,1,1,0,0
MobileNet-SSD,30,9.98,100.25,1,1,1,1,0,0
MobileNet-SSD,31,10.58,94.49,1,1,1,1,0,0
MobileNet-SSD,32,9.32,107.29,1,1,1,1,0,0
MobileNet-SSD,33,9.85,101.52,1,1,1,1,0,0
MobileNet-SSD,34,9.38,106.62,1,1,1,1,0,0
MobileNet-SSD,35,9.71,102.97,1,1,1,1,0,0
MobileNet-SSD,36,10.93,91.51,1,1,1,1,0,0
MobileNet-SSD,37,9.71,103.01,1,1,1,1,0,0
MobileNet-SSD,38,10.75,92.99,1,1,1,1,0,0
MobileNet-SSD,39,9.59,104.27,1,1,1,1,0,0
MobileNet-SSD,40,10.48,95.46,1,1,1,1,0,0
MobileNet-SSD,41,10.8,92.6,1,1,1,1,0,0
MobileNet-SSD,42,11.74,85.16,1,1,1,1,0,0
MobileNet-SSD,43,11.94,83.79,1,1,1,1,0,0
MobileNet-SSD,44,10.66,93.77,1,1,1,1,0,0
MobileNet-SSD,45,12.77,78.28,1,1,1,1,0,0
MobileNet-SSD,46,11.66,85.78,1,1,1,1,0,0
MobileNet-SSD,47,9.8,102.09,1,1,1,1,0,0
MobileNet-SSD,48,9.78,102.3,1,1,1,1,0,0
MobileNet-SSD,49,11.39,87.83,1,1,1,1,0,0
MobileNet-SSD,50,12.03,83.14,1,1,1,1,0,0
MobileNet-SSD,51,12.3,81.27,1,1,1,1,0,0
MobileNet-SSD,52,10.56,94.72,1,1,1,1,0,0
MobileNet-SSD,53,9.12,109.69,1,1,1,1,0,0
MobileNet-SSD,54,9.91,100.94,1,1,1,1,0,0
MobileNet-SSD,55,12.57,79.56,1,1,1,1,0,0
MobileNet-SSD,56,10.6,94.3,1,1,1,1,0,0
MobileNet-SSD,57,10.97,91.19,1,1,1,1,0,0
MobileNet-SSD,58,11.7,85.47,1,1,1,1,0,0
MobileNet-SSD,59,10.5,95.26,1,1,1,1,0,0
MobileNet-SSD,60,8.7,114.89,1,1,1,1,0,0
MobileNet-SSD,61,11.04,90.58,1,1,1,1,0,0
MobileNet-SSD,62,11.71,85.41,1,1,1,1,0,0
MobileNet-SSD,63,10.07,99.32,1,1,1,1,0,0
MobileNet-SSD,64,11.43,87.52,1,1,1,1,0,0
MobileNet-SSD,65,12.15,82.34,1,1,1,1,0,0
MobileNet-SSD,66,10.56,94.73,1,1,1,1,0,0
MobileNet-SSD,67,10.48,95.39,1,1,1,1,0,0
MobileNet-SSD,68,12.52,79.85,1,1,1,1,0,0
MobileNet-SSD,69,12.23,81.76,1,1,1,1,0,0
MobileNet-SSD,70,10.49,95.34,1,1,1,1,0,0
MobileNet-SSD,71,5.64,177.24,1,1,1,1,0,0
MobileNet-SSD,72,10.3,97.1,1,1,1,1,0,0
MobileNet-SSD,73,9.55,104.68,1,1,1,1,0,0
MobileNet-SSD,74,12.42,80.53,1,1,1,1,0,0
MobileNet-SSD,75,12.63,79.16,1,1,1,1,0,0
MobileNet-SSD,76,10.67,93.73,1,1,1,1,0,0
MobileNet-SSD,77,9.29,107.66,0,0,0,0,0.2542,1
MobileNet-SSD,78,9.97,100.34,1,1,1,1,0,0
MobileNet-SSD,79,11.42,87.59,1,1,1,1,0,0
MobileNet-SSD,80,10.52,95.05,1,1,1,1,0,0
MobileNet-SSD,81,10.25,97.52,1,1,1,1,0,0
MobileNet-SSD,82,11.05,90.49,1,1,1,1,0,0
MobileNet-SSD,83,11.55,86.61,1,1,1,1,0,0
MobileNet-SSD,84,8.63,115.82,1,1,1,1,0,0
MobileNet-SSD,85,9.3,107.48,1,1,1,1,0,0
MobileNet-SSD,86,8.05,124.28,1,1,1,1,0,0
MobileNet-SSD,87,8.72,114.68,1,1,1,1,0,0
MobileNet-SSD,88,7.82,127.94,1,1,1,1,0,0
MobileNet-SSD,89,12.18,82.07,0,0,0,0,0.2691,1
MobileNet-SSD,90,10.94,91.37,1,1,1,1,0,0
MobileNet-SSD,91,6.96,143.7,1,1,1,1,0,0
MobileNet-SSD,92,10.12,98.79,1,1,1,1,0,0
MobileNet-SSD,93,8.96,111.57,1,1,1,1,0,0
MobileNet-SSD,94,8.66,115.51,1,1,1,1,0,0
MobileNet-SSD,95,11.35,88.12,1,1,1,1,0,0
MobileNet-SSD,96,11.94,83.72,0,0,0,0,0.267,1
MobileNet-SSD,97,12.62,79.23,1,1,1,1,0,0
MobileNet-SSD,98,9.86,101.37,1,1,1,1,0,0
MobileNet-SSD,99,12.34,81.01,1,1,1,1,0,0
MobileNet-SSD,100,11.86,84.34,1,1,1,1,0,0
MobileNet-SSD,101,8.71,114.82,1,1,1,1,0,0
MobileNet-SSD,102,12.65,79.04,1,1,1,1,0,0
MobileNet-SSD,103,12.73,78.57,1,1,1,1,0,0
MobileNet-SSD,104,9.23,108.38,1,1,1,1,0,0
MobileNet-SSD,105,9.69,103.17,1,1,1,1,0,0
MobileNet-SSD,106,12.88,77.63,1,1,1,1,0,0
MobileNet-SSD,107,10.61,94.26,1,1,1,1,0,0
MobileNet-SSD,108,10.12,98.83,1,1,1,1,0,0
MobileNet-SSD,109,10.76,92.92,1,1,1,1,0,0
MobileNet-SSD,110,10.59,94.43,1,1,1,1,0,0
MobileNet-SSD,111,12.07,82.85,1,1,1,1,0,0
MobileNet-SSD,112,12.2,81.99,1,1,1,1,0,0
MobileNet-SSD,113,11.93,83.84,1,1,1,1,0,0
MobileNet-SSD,114,10.58,94.56,1,1,1,1,0,0
MobileNet-SSD,115,10.51,95.15,1,1,1,1,0,0
MobileNet-SSD,116,10.58,94.54,1,1,1,1,0,0
MobileNet-SSD,117,8.89,112.42,1,1,1,1,0,0
MobileNet-SSD,118,10.28,97.28,1,1,1,1,0,0
MobileNet-SSD,119,8.53,117.23,1,1,1,1,0,0
MobileNet-SSD,120,12.32,81.19,1,1,1,1,0,0
MobileNet-SSD,121,10.55,94.75,1,1,1,1,0,0
MobileNet-SSD,122,11.91,84,1,1,1,1,0,0
MobileNet-SSD,123,12.58,79.52,1,1,1,1,0,0
MobileNet-SSD,124,11.21,89.18,1,1,1,1,0,0
MobileNet-SSD,125,12.6,79.34,1,1,1,1,0,0
MobileNet-SSD,126,10.17,98.34,1,1,1,1,0,0
MobileNet-SSD,127,9.68,103.34,1,1,1,1,0,0
MobileNet-SSD,128,9,111.06,1,1,1,1,0,0
MobileNet-SSD,129,12.66,79.02,1,1,1,1,0,0
MobileNet-SSD,130,12.45,80.3,1,1,1,1,0,0
MobileNet-SSD,131,9.28,107.75,1,1,1,1,0,0
MobileNet-SSD,132,11.87,84.27,1,1,1,1,0,0
MobileNet-SSD,133,10.82,92.4,1,1,1,1,0,0
MobileNet-SSD,134,11.66,85.74,1,1,1,1,0,0
MobileNet-SSD,135,12.77,78.32,1,1,1,1,0,0
MobileNet-SSD,136,12.58,79.46,1,1,1,1,0,0
MobileNet-SSD,137,10.32,96.92,1,1,1,1,0,0
MobileNet-SSD,138,12.45,80.31,1,1,1,1,0,0
MobileNet-SSD,139,9.06,110.35,1,1,1,1,0,0
MobileNet-SSD,140,9.4,106.38,1,1,1,1,0,0
MobileNet-SSD,141,10.8,92.61,1,1,1,1,0,0
MobileNet-SSD,142,12.28,81.41,1,1,1,1,0,0
MobileNet-SSD,143,12.25,81.65,1,1,1,1,0,0
MobileNet-SSD,144,11.08,90.23,1,1,1,1,0,0
MobileNet-SSD,145,8.32,120.19,1,1,1,1,0,0
MobileNet-SSD,146,9.06,110.44,1,1,1,1,0,0
MobileNet-SSD,147,9.1,109.9,1,1,1,1,0,0
MobileNet-SSD,148,9.73,102.81,1,1,1,1,0,0
MobileNet-SSD,149,8.97,111.49,1,1,1,1,0,0
MobileNet-SSD,150,7.87,127.04,1,1,1,1,0,0
MobileNet-SSD,151,7.58,132.01,0,0,0,0,0.338,1
MobileNet-SSD,152,7.88,126.93,1,1,1,1,0,0
MobileNet-SSD,153,9.19,108.83,0,0,0,0,0.2626,1
MobileNet-SSD,154,9.41,106.24,1,1,1,1,0,0
MobileNet-SSD,155,11.44,87.38,1,1,1,1,0,0
MobileNet-SSD,156,10.1,99.05,1,1,1,1,0,0
MobileNet-SSD,157,10.47,95.54,1,1,1,1,0,0
MobileNet-SSD,158,10.55,94.8,0,0,0,0,0.3123,1
MobileNet-SSD,159,11.57,86.45,1,1,1,1,0,0
MobileNet-SSD,160,9.85,101.5,1,1,1,1,0,0
MobileNet-SSD,161,10.59,94.47,1,1,1,1,0,0
MobileNet-SSD,162,11.02,90.76,1,1,1,1,0,0
MobileNet-SSD,163,10.51,95.13,1,1,1,1,0,0
MobileNet-SSD,164,10.23,97.77,0,0,0,0,0.3254,1
MobileNet-SSD,165,8.85,112.95,1,1,1,1,0,0
MobileNet-SSD,166,11.38,87.88,1,1,1,1,0,0
MobileNet-SSD,167,11.29,88.58,1,1,1,1,0,0
MobileNet-SSD,168,11.47,87.15,1,1,1,1,0,0
MobileNet-SSD,169,9.67,103.46,1,1,1,1,0,0
MobileNet-SSD,170,10.38,96.38,0,0,0,0,0.3572,1
MobileNet-SSD,171,12.55,79.7,1,1,1,1,0,0
MobileNet-SSD,172,9.94,100.6,1,1,1,1,0,0
MobileNet-SSD,173,9.51,105.16,1,1,1,1,0,0
MobileNet-SSD,174,8.94,111.85,0,0,0,0,0.2846,1
MobileNet-SSD,175,11.04,90.61,0,0,0,0,0.3137,1
MobileNet-SSD,176,10.51,95.12,0,0,0,0,0.2794,1
MobileNet-SSD,177,10.13,98.7,1,1,1,1,0,0
MobileNet-SSD,178,11.23,89.07,1,1,1,1,0,0
MobileNet-SSD,179,12.31,81.25,1,1,1,1,0,0
MobileNet-SSD,180,9.62,103.9,1,1,1,1,0,0
MobileNet-SSD,181,10.81,92.54,1,1,1,1,0,0
MobileNet-SSD,182,9.06,110.43,1,1,1,1,0,0
MobileNet-SSD,183,12.71,78.68,1,1,1,1,0,0
MobileNet-SSD,184,8.64,115.68,0,0,0,0,0.2974,1
MobileNet-SSD,185,11.62,86.08,1,1,1,1,0,0
MobileNet-SSD,186,12.57,79.58,1,1,1,1,0,0
MobileNet-SSD,187,11.78,84.9,1,1,1,1,0,0
MobileNet-SSD,188,11.83,84.52,1,1,1,1,0,0
MobileNet-SSD,189,9.16,109.15,1,1,1,1,0,0
MobileNet-SSD,190,10.34,96.72,1,1,1,1,0,0
MobileNet-SSD,191,11.42,87.57,0,0,0,0,0.2697,1
MobileNet-SSD,192,10.55,94.77,1,1,1,1,0,0
MobileNet-SSD,193,10.67,93.74,1,1,1,1,0,0
MobileNet-SSD,194,9.83,101.75,1,1,1,1,0,0
MobileNet-SSD,195,11.65,85.85,1,1,1,1,0,0
MobileNet-SSD,196,12.67,78.9,1,1,1,1,0,0
MobileNet-SSD,197,9.79,102.14,0,0,0,0,0.3133,1
MobileNet-SSD,198,9.37,106.74,1,1,1,1,0,0
MobileNet-SSD,199,10.16,98.43,1,1,1,1,0,0
MobileNet-SSD,200,9.36,106.88,0,0,0,0,0.331,1
MobileNet-SSD,201,12.7,78.72,0,0,0,0,0.3057,1
MobileNet-SSD,202,12.61,79.29,1,1,1,1,0,0
MobileNet-SSD,203,8.45,118.39,1,1,1,1,0,0
MobileNet-SSD,204,9.4,106.42,1,1,1,1,0,0
MobileNet-SSD,205,9.72,102.86,0,0,0,0,0.2754,1
MobileNet-SSD,206,11.42,87.58,1,1,1,1,0,0
MobileNet-SSD,207,12.2,82,1,1,1,1,0,0
MobileNet-SSD,208,12.77,78.32,1,1,1,1,0,0
MobileNet-SSD,209,9.56,104.6,1,1,1,1,0,0
MobileNet-SSD,210,12.1,82.66,1,1,1,1,0,0
MobileNet-SSD,211,10.52,95.04,1,1,1,1,0,0
MobileNet-SSD,212,9.73,102.76,1,1,1,1,0,0
MobileNet-SSD,213,8.92,112.13,1,1,1,1,0,0
MobileNet-SSD,214,9.22,108.49,1,1,1,1,0,0
MobileNet-SSD,215,11.82,84.63,0,0,0,0,0.3139,1
MobileNet-SSD,216,11.32,88.34,1,1,1,1,0,0
MobileNet-SSD,217,10.38,96.33,0,0,0,0,0.283,1
MobileNet-SSD,218,8.43,118.68,1,1,1,1,0,0
MobileNet-SSD,219,10.71,93.39,1,1,1,1,0,0
MobileNet-SSD,220,9.28,107.81,1,1,1,1,0,0
MobileNet-SSD,221,10.17,98.36,0,0,0,0,0.2685,1
MobileNet-SSD,222,8.74,114.44,1,1,1,1,0,0
MobileNet-SSD,223,9.31,107.39,0,0,0,0,0.2903,1
MobileNet-SSD,224,11.49,87.06,1,1,1,1,0,0
MobileNet-SSD,225,9.44,105.92,1,1,1,1,0,0
MobileNet-SSD,226,8.81,113.47,1,1,1,1,0,0
MobileNet-SSD,227,8.98,111.32,0,0,0,0,0.2696,1
MobileNet-SSD,228,11.41,87.61,1,1,1,1,0,0
MobileNet-SSD,229,11.63,85.97,0,0,0,0,0.2552,1
MobileNet-SSD,230,10.19,98.11,0,0,0,0,0.2525,1
MobileNet-SSD,231,9.83,101.75,1,1,1,1,0,0
MobileNet-SSD,232,9.07,110.29,1,1,1,1,0,0
MobileNet-SSD,233,11.03,90.68,1,1,1,1,0,0
MobileNet-SSD,234,11.54,86.62,0,0,0,0,0.3075,1
MobileNet-SSD,235,10.88,91.89,1,1,1,1,0,0
MobileNet-SSD,236,9.95,100.45,1,1,1,1,0,0
MobileNet-SSD,237,10.62,94.2,1,1,1,1,0,0
MobileNet-SSD,238,12.27,81.5,1,1,1,1,0,0
MobileNet-SSD,239,9.02,110.89,1,1,1,1,0,0
MobileNet-SSD,240,8.44,118.44,1,1,1,1,0,0
MobileNet-SSD,241,8.69,115.04,0,0,0,0,0.4252,1
MobileNet-SSD,242,11.54,86.68,1,1,1,1,0,0
MobileNet-SSD,243,11.18,89.48,1,1,1,1,0,0
MobileNet-SSD,244,11.45,87.34,1,1,1,1,0,0
MobileNet-SSD,245,10.25,97.51,1,1,1,1,0,0
MobileNet-SSD,246,10.37,96.4,0,0,0,0,0.2661,1
MobileNet-SSD,247,11.26,88.79,1,1,1,1,0,0
MobileNet-SSD,248,12.21,81.89,0,0,0,0,0.2606,1
MobileNet-SSD,249,9.01,110.94,1,1,1,1,0,0
MobileNet-SSD,250,8.54,117.16,1,1,1,1,0,0
MobileNet-SSD,251,10.88,91.93,1,1,1,1,0,0
MobileNet-SSD,252,12.16,82.23,1,1,1,1,0,0
MobileNet-SSD,253,10.75,93.01,1,1,1,1,0,0
MobileNet-SSD,254,7.91,126.5,1,1,1,1,0,0
MobileNet-SSD,255,8.94,111.86,1,1,1,1,0,0
MobileNet-SSD,256,8.5,117.61,1,1,1,1,0,0
MobileNet-SSD,257,12.51,79.92,1,1,1,1,0,0
MobileNet-SSD,258,11.73,85.25,1,1,1,1,0,0
MobileNet-SSD,259,12.31,81.24,1,1,1,1,0,0
MobileNet-SSD,260,12.61,79.3,1,1,1,1,0,0
MobileNet-SSD,261,12.61,79.3,1,1,1,1,0,0
MobileNet-SSD,262,12.58,79.48,1,1,1,1,0,0
MobileNet-SSD,263,12.25,81.65,0,0,0,0,0.3014,1
MobileNet-SSD,264,12.43,80.48,1,1,1,1,0,0
MobileNet-SSD,265,10.37,96.41,1,1,1,1,0,0
MobileNet-SSD,266,12.16,82.23,1,1,1,1,0,0
MobileNet-SSD,267,8.76,114.11,0,0,0,0,0.2816,1
MobileNet-SSD,268,11.5,86.94,1,1,1,1,0,0
MobileNet-SSD,269,12.56,79.59,1,1,1,1,0,0
MobileNet-SSD,270,12.69,78.8,1,1,1,1,0,0
MobileNet-SSD,271,9.73,102.75,0,0,0,0,0.2567,1
MobileNet-SSD,272,11.66,85.79,0,0,0,0,0.2801,1
MobileNet-SSD,273,11.34,88.18,1,1,1,1,0,0
MobileNet-SSD,274,10.37,96.44,1,1,1,1,0,0
MobileNet-SSD,275,10.83,92.34,1,1,1,1,0,0
MobileNet-SSD,276,10.46,95.64,1,1,1,1,0,0
MobileNet-SSD,277,12.36,80.91,1,1,1,1,0,0
MobileNet-SSD,278,12.18,82.12,1,1,1,1,0,0
MobileNet-SSD,279,12.43,80.48,1,1,1,1,0,0
MobileNet-SSD,280,10.42,95.95,1,1,1,1,0,0
MobileNet-SSD,281,11.96,83.6,1,1,1,1,0,0
MobileNet-SSD,282,10.58,94.48,1,1,1,1,0,0
MobileNet-SSD,283,12.56,79.62,1,1,1,1,0,0
MobileNet-SSD,284,10.46,95.57,1,1,1,1,0,0
MobileNet-SSD,285,12.38,80.76,1,1,1,1,0,0
MobileNet-SSD,286,12.08,82.78,1,1,1,1,0,0
MobileNet-SSD,287,12.62,79.26,0,0,0,0,0.3424,1
MobileNet-SSD,288,10.46,95.57,1,1,1,1,0,0
MobileNet-SSD,289,12.3,81.28,1,1,1,1,0,0
MobileNet-SSD,290,12.48,80.13,1,1,1,1,0,0
MobileNet-SSD,291,10.52,95.07,1,1,1,1,0,0
MobileNet-SSD,292,12.06,82.93,0,0,0,0,0.4609,1
MobileNet-SSD,293,12.3,81.27,1,1,1,1,0,0
MobileNet-SSD,294,11.04,90.55,0,0,0,0,0.327,1
MobileNet-SSD,295,10.56,94.7,1,1,1,1,0,0
MobileNet-SSD,296,8.53,117.29,1,1,1,1,0,0
MobileNet-SSD,297,12.5,80.01,1,1,1,1,0,0
MobileNet-SSD,298,12.6,79.37,0,0,0,0,0.2543,1
MobileNet-SSD,299,12.13,82.41,1,1,1,1,0,0
EfficientDet,0,0.06,17662.24,0,0,0,0,0.5077,2
EfficientDet,1,0.23,4303.29,0,0,0,0,0.463,4
EfficientDet,2,0.48,2062.69,0,0,0,0,0.43,4
EfficientDet,3,0.5,2006.69,0,0,0,0,0.5443,3
EfficientDet,4,0.21,4791.44,0,0,0,0,0.5484,3
EfficientDet,5,0.14,7359.11,0,0,0,0,0.5047,3
EfficientDet,6,0.14,7264.54,0,0,0,0,0.494,3
EfficientDet,7,0.14,7280.18,0,0,0,0,0.4489,4
EfficientDet,8,0.13,7485.07,0,0,0,0,0.4785,3
EfficientDet,9,0.13,7417.1,0,0,0,0,0.5363,3
EfficientDet,10,0.13,7641.94,0,0,0,0,0.445,3
EfficientDet,11,0.13,7685.49,0,0,0,0,0.4958,3
EfficientDet,12,0.14,7388.34,0,0,0,0,0.4472,4
EfficientDet,13,0.13,7536.65,0,0,0,0,0.5036,3
EfficientDet,14,0.13,7676.82,0,0,0,0,0.4425,4
EfficientDet,15,0.14,7267.38,0,0,0,0,0.4841,3
EfficientDet,16,0.14,7333.13,0,0,0,0,0.501,3
EfficientDet,17,0.14,7367.72,0,0,0,0,0.474,4
EfficientDet,18,0.13,7437.88,0,0,0,0,0.4916,3
EfficientDet,19,0.19,5387.36,0,0,0,0,0.4991,3
EfficientDet,20,0.24,4250.87,0,0,0,0,0.439,4
EfficientDet,21,0.49,2025.73,0,0,0,0,0.4652,4
EfficientDet,22,0.46,2177.48,0,0,0,0,0.5145,3
EfficientDet,23,0.51,1945.46,0,0,0,0,0.5605,3
EfficientDet,24,0.51,1961.19,0,0,0,0,0.5257,3
EfficientDet,25,0.51,1955.6,0,0,0,0,0.4978,3
EfficientDet,26,0.27,3725.02,0,0,0,0,0.5298,3
EfficientDet,27,0.15,6463.06,0,0,0,0,0.5018,3
EfficientDet,28,0.14,7182.81,0,0,0,0,0.489,3
EfficientDet,29,0.14,7210.01,0,0,0,0,0.489,3
EfficientDet,30,0.14,7138.95,0,0,0,0,0.4895,3
EfficientDet,31,0.13,7684.04,0,0,0,0,0.5311,3
EfficientDet,32,0.12,8010.34,0,0,0,0,0.5042,3
EfficientDet,33,0.13,7500.51,0,0,0,0,0.4245,4
EfficientDet,34,0.12,8286.66,0,0,0,0,0.5147,3
EfficientDet,35,0.13,7577.58,0,0,0,0,0.4733,4
EfficientDet,36,0.14,7376.41,0,0,0,0,0.4725,4
EfficientDet,37,0.14,7400.58,0,0,0,0,0.4925,4
EfficientDet,38,0.13,7822.11,0,0,0,0,0.4939,3
EfficientDet,39,0.12,8182.22,0,0,0,0,0.4561,4
EfficientDet,40,0.32,3120.39,0,0,0,0,0.4182,4
EfficientDet,41,0.26,3787.35,0,0,0,0,0.4312,4
EfficientDet,42,0.48,2085.79,0,0,0,0,0.4949,3
EfficientDet,43,0.17,6032.78,0,0,0,0,0.5083,3
EfficientDet,44,0.14,7305.77,0,0,0,0,0.523,3
EfficientDet,45,0.14,7237.79,0,0,0,0,0.4987,3
EfficientDet,46,0.13,7536.19,0,0,0,0,0.4679,3
EfficientDet,47,0.14,7178.89,0,0,0,0,0.4686,4
EfficientDet,48,0.14,7247.65,0,0,0,0,0.4575,3
EfficientDet,49,0.14,7348.09,0,0,0,0,0.4835,3
EfficientDet,50,0.14,7229.56,0,0,0,0,0.513,3
EfficientDet,51,0.14,7222.13,0,0,0,0,0.4816,3
EfficientDet,52,0.13,7851.31,0,0,0,0,0.4734,3
EfficientDet,53,0.13,7719.3,0,0,0,0,0.5107,3
EfficientDet,54,0.13,7567.19,0,0,0,0,0.4841,3
EfficientDet,55,0.13,7652.49,0,0,0,0,0.4229,4
EfficientDet,56,0.13,7902.93,0,0,0,0,0.4791,3
EfficientDet,57,0.13,7664.5,0,0,0,0,0.4755,3
EfficientDet,58,0.13,7535.16,0,0,0,0,0.5153,3
EfficientDet,59,0.4,2514.31,0,0,0,0,0.4983,3
EfficientDet,60,0.32,3124.8,0,0,0,0,0.4774,3
EfficientDet,61,0.13,7584.01,0,0,0,0,0.4154,4
EfficientDet,62,0.14,7334.16,0,0,0,0,0.431,4
EfficientDet,63,0.13,7525.58,0,0,0,0,0.4231,4
EfficientDet,64,0.13,7429.17,0,0,0,0,0.4658,4
EfficientDet,65,0.13,7476.68,0,0,0,0,0.465,3
EfficientDet,66,0.14,7283.54,0,0,0,0,0.4872,3
EfficientDet,67,0.13,7429.36,0,0,0,0,0.4441,4
EfficientDet,68,0.13,7457.77,0,0,0,0,0.4484,3
EfficientDet,69,0.13,7492.05,0,0,0,0,0.4567,4
EfficientDet,70,0.13,7457.32,0,0,0,0,0.4651,3
EfficientDet,71,0.13,7731.77,0,0,0,0,0.4566,4
EfficientDet,72,0.1,9904.21,0,0,0,0,0.4555,3
EfficientDet,73,0.1,10327.88,0,0,0,0,0.4534,4
EfficientDet,74,0.11,8954.01,0,0,0,0,0.4217,4
EfficientDet,75,0.13,7519.06,0,0,0,0,0.453,4
EfficientDet,76,0.13,7631.59,0,0,0,0,0.4537,4
EfficientDet,77,0.13,7445.97,0,0,0,0,0.4677,3
EfficientDet,78,0.13,7554.83,0,0,0,0,0.4517,4
EfficientDet,79,0.13,7424.96,0,0,0,0,0.4188,4
EfficientDet,80,0.13,7641.47,0,0,0,0,0.4829,4
EfficientDet,81,0.13,7682.18,0,0,0,0,0.4727,4
EfficientDet,82,0.13,7598.02,0,0,0,0,0.4589,4
EfficientDet,83,0.13,7824.04,0,0,0,0,0.4485,4
EfficientDet,84,0.13,7429.42,0,0,0,0,0.4404,4
EfficientDet,85,0.13,7436.82,0,0,0,0,0.4442,4
EfficientDet,86,0.13,7458.2,0,0,0,0,0.4392,4
EfficientDet,87,0.24,4134.06,0,0,0,0,0.4688,3
EfficientDet,88,0.5,1997.21,0,0,0,0,0.4533,4
EfficientDet,89,0.5,1980.35,0,0,0,0,0.5076,3
EfficientDet,90,0.5,2000.13,0,0,0,0,0.4838,3
EfficientDet,91,0.5,2009.21,0,0,0,0,0.4826,3
EfficientDet,92,0.5,2010.97,0,0,0,0,0.4666,3
EfficientDet,93,0.5,1981.6,0,0,0,0,0.5071,3
EfficientDet,94,0.5,2011.43,0,0,0,0,0.4706,3
EfficientDet,95,0.5,1997.07,0,0,0,0,0.4633,3
EfficientDet,96,0.5,1985.22,0,0,0,0,0.5001,3
EfficientDet,97,0.5,2007.44,0,0,0,0,0.4781,3
EfficientDet,98,0.5,2012.65,0,0,0,0,0.4938,3
EfficientDet,99,0.5,2010.01,0,0,0,0,0.5032,3
EfficientDet,100,0.5,1994.72,0,0,0,0,0.5056,3
EfficientDet,101,0.5,1987.34,0,0,0,0,0.4778,3
EfficientDet,102,0.49,2029.85,0,0,0,0,0.4917,3
EfficientDet,103,0.5,1999.95,0,0,0,0,0.5397,3
EfficientDet,104,0.5,2009.49,0,0,0,0,0.5075,3
EfficientDet,105,0.5,1994.4,0,0,0,0,0.5174,3
EfficientDet,106,0.5,1993.28,0,0,0,0,0.5179,3
EfficientDet,107,0.5,2005.4,0,0,0,0,0.4843,3
EfficientDet,108,0.5,1998.33,0,0,0,0,0.5092,3
EfficientDet,109,0.5,1996.66,0,0,0,0,0.5006,3
EfficientDet,110,0.51,1979.24,0,0,0,0,0.4988,3
EfficientDet,111,0.5,2004.08,0,0,0,0,0.4924,3
EfficientDet,112,0.49,2022.43,0,0,0,0,0.4985,3
EfficientDet,113,0.5,2004.66,0,0,0,0,0.4859,3
EfficientDet,114,0.51,1967.92,0,0,0,0,0.505,3
EfficientDet,115,0.51,1973.11,0,0,0,0,0.5064,3
EfficientDet,116,0.5,1995.79,0,0,0,0,0.533,3
EfficientDet,117,0.5,1991.94,0,0,0,0,0.4587,3
EfficientDet,118,0.5,1988.05,0,0,0,0,0.4873,3
EfficientDet,119,0.5,1981.74,0,0,0,0,0.4938,3
EfficientDet,120,0.5,1999.56,0,0,0,0,0.5016,3
EfficientDet,121,0.5,2003.4,0,0,0,0,0.5073,3
EfficientDet,122,0.5,1996.3,0,0,0,0,0.492,3
EfficientDet,123,0.51,1975.28,0,0,0,0,0.4879,3
EfficientDet,124,0.5,1982.26,0,0,0,0,0.557,2
EfficientDet,125,0.51,1977.86,0,0,0,0,0.4928,3
EfficientDet,126,0.5,1985.98,0,0,0,0,0.4967,3
EfficientDet,127,0.51,1967.22,0,0,0,0,0.484,3
EfficientDet,128,0.51,1971.32,0,0,0,0,0.494,3
EfficientDet,129,0.5,1997.85,0,0,0,0,0.4996,3
EfficientDet,130,0.5,2005.23,0,0,0,0,0.4947,3
EfficientDet,131,0.5,1984.48,0,0,0,0,0.4955,3
EfficientDet,132,0.5,1983.94,0,0,0,0,0.5055,3
EfficientDet,133,0.17,5870.01,0,0,0,0,0.5096,3
EfficientDet,134,0.13,7674.06,0,0,0,0,0.4428,4
EfficientDet,135,0.14,7401.41,0,0,0,0,0.4435,3
EfficientDet,136,0.13,7616.65,0,0,0,0,0.4787,3
EfficientDet,137,0.13,7500.61,0,0,0,0,0.4458,4
EfficientDet,138,0.13,7422.05,0,0,0,0,0.4871,4
EfficientDet,139,0.13,7414.64,0,0,0,0,0.4533,4
EfficientDet,140,0.13,7471.81,0,0,0,0,0.4503,4
EfficientDet,141,0.13,7566.39,0,0,0,0,0.4384,4
EfficientDet,142,0.2,4886.4,0,0,0,0,0.4331,4
EfficientDet,143,0.46,2156.21,0,0,0,0,0.5197,4
EfficientDet,144,0.41,2468.22,0,0,0,0,0.5925,3
EfficientDet,145,0.42,2403.28,0,0,0,0,0.4707,3
EfficientDet,146,0.4,2499.2,0,0,0,0,0.5239,3
EfficientDet,147,0.41,2419.34,0,0,0,0,0.4864,3
EfficientDet,148,0.4,2475.11,0,0,0,0,0.5268,3
EfficientDet,149,0.4,2507.44,0,0,0,0,0.5119,3
EfficientDet,150,0.4,2495.54,0,0,0,0,0.5192,3
EfficientDet,151,0.38,2608.28,0,0,0,0,0.4855,3
EfficientDet,152,0.35,2858.15,0,0,0,0,0.5257,3
EfficientDet,153,0.38,2629.26,0,0,0,0,0.4897,3
EfficientDet,154,0.4,2525.11,0,0,0,0,0.5184,3
EfficientDet,155,0.38,2624.92,0,0,0,0,0.4903,3
EfficientDet,156,0.39,2582.37,0,0,0,0,0.5116,3
EfficientDet,157,0.41,2452.44,0,0,0,0,0.5032,3
EfficientDet,158,0.41,2434.81,0,0,0,0,0.483,3
EfficientDet,159,0.41,2429.99,0,0,0,0,0.5165,3
EfficientDet,160,0.4,2526.48,0,0,0,0,0.5036,3
EfficientDet,161,0.41,2465.9,0,0,0,0,0.5316,3
EfficientDet,162,0.42,2355.36,0,0,0,0,0.4406,3
EfficientDet,163,0.4,2519.87,0,0,0,0,0.497,3
EfficientDet,164,0.4,2476.44,0,0,0,0,0.5233,3
EfficientDet,165,0.41,2413.27,0,0,0,0,0.5162,3
EfficientDet,166,0.41,2445.67,0,0,0,0,0.4946,3
EfficientDet,167,0.38,2621.59,0,0,0,0,0.5087,3
EfficientDet,168,0.4,2529.45,0,0,0,0,0.487,3
EfficientDet,169,0.4,2495.47,0,0,0,0,0.4755,3
EfficientDet,170,0.4,2501.7,0,0,0,0,0.4587,3
EfficientDet,171,0.41,2409.79,0,0,0,0,0.524,3
EfficientDet,172,0.41,2411.16,0,0,0,0,0.4811,3
EfficientDet,173,0.42,2405.49,0,0,0,0,0.4989,3
EfficientDet,174,0.42,2406.23,0,0,0,0,0.5236,3
EfficientDet,175,0.39,2536.88,0,0,0,0,0.5059,3
EfficientDet,176,0.4,2474.12,0,0,0,0,0.5579,3
EfficientDet,177,0.42,2369.9,0,0,0,0,0.52,3
EfficientDet,178,0.42,2378.05,0,0,0,0,0.5221,3
EfficientDet,179,0.43,2341.38,0,0,0,0,0.5671,3
EfficientDet,180,0.41,2429.56,0,0,0,0,0.5306,3
EfficientDet,181,0.4,2471.76,0,0,0,0,0.5564,3
EfficientDet,182,0.41,2418.84,0,0,0,0,0.5207,3
EfficientDet,183,0.41,2436.85,0,0,0,0,0.5255,3
EfficientDet,184,0.42,2384.88,0,0,0,0,0.5251,3
EfficientDet,185,0.41,2438.26,0,0,0,0,0.5168,3
EfficientDet,186,0.4,2527.35,0,0,0,0,0.4952,3
EfficientDet,187,0.41,2458.08,0,0,0,0,0.5178,3
EfficientDet,188,0.41,2430.18,0,0,0,0,0.4825,3
EfficientDet,189,0.43,2345.73,0,0,0,0,0.54,3
EfficientDet,190,0.42,2387.48,0,0,0,0,0.5092,3
EfficientDet,191,0.41,2412.95,0,0,0,0,0.5306,3
EfficientDet,192,0.42,2375.33,0,0,0,0,0.4998,3
EfficientDet,193,0.4,2490.2,0,0,0,0,0.5082,3
EfficientDet,194,0.42,2361.83,0,0,0,0,0.5175,3
EfficientDet,195,0.42,2388.53,0,0,0,0,0.5129,3
EfficientDet,196,0.42,2382.97,0,0,0,0,0.4962,3
EfficientDet,197,0.4,2487.24,0,0,0,0,0.5392,3
EfficientDet,198,0.41,2421.49,0,0,0,0,0.506,3
EfficientDet,199,0.42,2395.69,0,0,0,0,0.497,3
EfficientDet,200,0.42,2398.71,0,0,0,0,0.5029,3
EfficientDet,201,0.42,2376.06,0,0,0,0,0.5303,3
EfficientDet,202,0.39,2554.64,0,0,0,0,0.5261,3
EfficientDet,203,0.4,2490.83,0,0,0,0,0.5196,3
EfficientDet,204,0.42,2402.13,0,0,0,0,0.5013,3
EfficientDet,205,0.41,2433.32,0,0,0,0,0.5223,3
EfficientDet,206,0.42,2395.68,0,0,0,0,0.5128,3
EfficientDet,207,0.42,2404.59,0,0,0,0,0.5464,3
EfficientDet,208,0.42,2370.23,0,0,0,0,0.5193,3
EfficientDet,209,0.41,2417.24,0,0,0,0,0.55,3
EfficientDet,210,0.41,2451.25,0,0,0,0,0.5449,3
EfficientDet,211,0.42,2393.98,0,0,0,0,0.5811,3
EfficientDet,212,0.42,2373.62,0,0,0,0,0.5123,3
EfficientDet,213,0.43,2350.53,0,0,0,0,0.5276,3
EfficientDet,214,0.41,2459.24,0,0,0,0,0.5081,3
EfficientDet,215,0.42,2403.52,0,0,0,0,0.5398,3
EfficientDet,216,0.41,2420.4,0,0,0,0,0.5637,3
EfficientDet,217,0.42,2390.56,0,0,0,0,0.5308,3
EfficientDet,218,0.41,2467,0,0,0,0,0.574,3
EfficientDet,219,0.38,2638.98,0,0,0,0,0.5538,3
EfficientDet,220,0.37,2737.05,0,0,0,0,0.507,3
EfficientDet,221,0.38,2654.78,0,0,0,0,0.5551,3
EfficientDet,222,0.41,2412.2,0,0,0,0,0.5317,3
EfficientDet,223,0.42,2382.22,0,0,0,0,0.4761,3
EfficientDet,224,0.42,2368.04,0,0,0,0,0.5263,3
EfficientDet,225,0.2,5069.39,0,0,0,0,0.5244,3
EfficientDet,226,0.13,7705.06,0,0,0,0,0.4727,4
EfficientDet,227,0.12,8063.12,0,0,0,0,0.4578,4
EfficientDet,228,0.13,7701.03,0,0,0,0,0.469,4
EfficientDet,229,0.14,7400.68,0,0,0,0,0.4679,4
EfficientDet,230,0.13,7561.69,0,0,0,0,0.4873,4
EfficientDet,231,0.13,7804.11,0,0,0,0,0.4691,4
EfficientDet,232,0.32,3164.59,0,0,0,0,0.4587,4
EfficientDet,233,0.13,7503.76,0,0,0,0,0.4457,4
EfficientDet,234,0.13,7744.73,0,0,0,0,0.4607,4
EfficientDet,235,0.13,7458.29,0,0,0,0,0.4791,4
EfficientDet,236,0.13,7731.93,0,0,0,0,0.4512,4
EfficientDet,237,0.13,7640.44,0,0,0,0,0.4688,4
EfficientDet,238,0.13,7434.48,0,0,0,0,0.4316,4
EfficientDet,239,0.13,7500.86,0,0,0,0,0.4636,4
EfficientDet,240,0.14,7396.72,0,0,0,0,0.5042,3
EfficientDet,241,0.13,7554.88,0,0,0,0,0.4834,3
EfficientDet,242,0.13,7495.18,0,0,0,0,0.4636,3
EfficientDet,243,0.12,8009.54,0,0,0,0,0.4796,4
EfficientDet,244,0.13,7905.03,0,0,0,0,0.4279,4
EfficientDet,245,0.12,8012.99,0,0,0,0,0.4437,4
EfficientDet,246,0.13,7729.03,0,0,0,0,0.4342,4
EfficientDet,247,0.12,8140.18,0,0,0,0,0.4343,4
EfficientDet,248,0.13,7870.17,0,0,0,0,0.4442,4
EfficientDet,249,0.1,10336.1,0,0,0,0,0.4436,4
EfficientDet,250,0.11,8800.19,0,0,0,0,0.4674,4
EfficientDet,251,0.12,8392.54,0,0,0,0,0.4498,4
EfficientDet,252,0.12,8674.93,0,0,0,0,0.4216,4
EfficientDet,253,0.12,8247.02,0,0,0,0,0.4479,4
EfficientDet,254,0.12,8114.61,0,0,0,0,0.446,4
EfficientDet,255,0.12,8145.77,0,0,0,0,0.4528,4
EfficientDet,256,0.12,8240.89,0,0,0,0,0.4729,4
EfficientDet,257,0.12,8215.98,0,0,0,0,0.4301,4
EfficientDet,258,0.12,8315.34,0,0,0,0,0.4575,4
EfficientDet,259,0.12,8125.01,0,0,0,0,0.463,4
EfficientDet,260,0.11,8756.06,0,0,0,0,0.4899,4
EfficientDet,261,0.11,8993.76,0,0,0,0,0.4675,4
EfficientDet,262,0.11,9095.2,0,0,0,0,0.4655,4
EfficientDet,263,0.11,8857.41,0,0,0,0,0.4643,4
EfficientDet,264,0.11,9089.03,0,0,0,0,0.4556,4
EfficientDet,265,0.11,9051.73,0,0,0,0,0.4706,4
EfficientDet,266,0.11,8794.57,0,0,0,0,0.4858,3
EfficientDet,267,0.11,8924.51,0,0,0,0,0.4448,4
EfficientDet,268,0.11,8711.27,0,0,0,0,0.4407,4
EfficientDet,269,0.12,8580.45,0,0,0,0,0.4844,4
EfficientDet,270,0.11,8699.63,0,0,0,0,0.4268,4
EfficientDet,271,0.11,8754.22,0,0,0,0,0.4645,4
EfficientDet,272,0.12,8680.48,0,0,0,0,0.4689,4
EfficientDet,273,0.12,8168.9,0,0,0,0,0.4874,4
EfficientDet,274,0.09,11425.73,0,0,0,0,0.448,4
EfficientDet,275,0.08,12179.2,0,0,0,0,0.4588,4
EfficientDet,276,0.08,12020.51,0,0,0,0,0.5791,2
EfficientDet,277,0.12,8164.13,0,0,0,0,0.5111,4
EfficientDet,278,0.25,4000.62,0,0,0,0,0.4207,4
EfficientDet,279,0.24,4083.91,0,0,0,0,0.4989,3
EfficientDet,280,0.25,3966.23,0,0,0,0,0.4569,4
EfficientDet,281,0.26,3917.73,0,0,0,0,0.4685,4
EfficientDet,282,0.28,3633.08,0,0,0,0,0.4502,4
EfficientDet,283,0.79,1262.03,0,0,0,0,0.4293,4
EfficientDet,284,0.54,1839.9,0,0,0,0,0.5223,3
EfficientDet,285,0.48,2085.44,0,0,0,0,0.5372,3
EfficientDet,286,0.48,2102.49,0,0,0,0,0.5474,3
EfficientDet,287,0.25,4039.5,0,0,0,0,0.5508,3
EfficientDet,288,0.24,4224.55,0,0,0,0,0.5261,3
EfficientDet,289,0.25,3962.03,0,0,0,0,0.4944,3
EfficientDet,290,0.48,2083.72,0,0,0,0,0.5092,3
EfficientDet,291,0.45,2241.96,0,0,0,0,0.516,3
EfficientDet,292,0.47,2126.74,0,0,0,0,0.5476,3
EfficientDet,293,0.45,2224.91,0,0,0,0,0.4958,3
EfficientDet,294,0.44,2254.65,0,0,0,0,0.5475,3
EfficientDet,295,0.46,2192.55,0,0,0,0,0.52,3
EfficientDet,296,0.45,2228.95,0,0,0,0,0.519,3
EfficientDet,297,0.45,2209.23,0,0,0,0,0.5715,3
EfficientDet,298,0.35,2833.52,0,0,0,0,0.5394,3
EfficientDet,299,0.24,4214.3,0,0,0,0,0.4489,4
